PK26909,sjol01
PK26187,VEST01
PK26320,VEST01
PK26644,VEST01
PK26279,VEST01
4503870730,VEST02
40158,FRON01
620096367,GEC01
PK25083,sjol01
PK25219,sjol01
PK25445,sjol01
PK25501,sjol01
PK25916,sjol01
PK26002,sjol01
P115357,VEST01
P115358,VEST01
PK23465,VEST01
PK25049,VEST01
PK25095,VEST01
PK25141,VEST01
PK25154,VEST01
PK25253,VEST01
PK25380,VEST01
PK25389,VEST01
PK25442,VEST01
PK25444,VEST01
PK25565,VEST01
PK25590,VEST01
PK25593,VEST01
PK25598,VEST01
PK25646,VEST01
PK25647,VEST01
PK25694,VEST01
PK26008,VEST01
PK26018,VEST01
PK26040,VEST01
4503800596,VEST02
4503809544,VEST02
4503827000,VEST02
4503814264,vest04
PK27043,VEST01
